make,model,variant,year,region,price
Toyota,Avanza,1.5 G CVT,2023,Jakarta,198000000
Toyota,Avanza,1.5 G CVT,2023,Jakarta,202000000
Toyota,Avanza,1.5 G CVT,2023,Jakarta,205000000
Toyota,Avanza,1.5 G CVT,2023,Jakarta,208000000
Toyota,Avanza,1.5 G CVT,2023,Jakarta,212000000
Toyota,Avanza,1.5 G CVT,2023,Jakarta,215000000
Toyota,Avanza,1.5 G CVT,2023,Jakarta,218000000
Toyota,Avanza,1.5 G CVT,2023,Jakarta,220000000
Toyota,Avanza,1.5 G CVT,2023,Jakarta,224000000
Toyota,Avanza,1.5 G CVT,2023,Jakarta,228000000
Toyota,Avanza,1.5 G CVT,2023,Jakarta,232000000
Toyota,Avanza,1.5 G CVT,2023,Jakarta,236000000
Toyota,Avanza,1.5 G CVT,2023,Jakarta,240000000
Toyota,Avanza,1.5 G CVT,2022,Jakarta,190000000
Toyota,Avanza,1.5 G CVT,2023,Bandung,210000000
Honda,Brio,RS CVT,2023,Jakarta,205000000
Honda,Brio,RS CVT,2023,Jakarta,212000000
Honda,Brio,RS CVT,2023,Jakarta,218000000
